{
    "quantidade": 3,
    "produtos": [
        {
            "nome": "Logitech MX Vertical",
            "preco": 470,
            "descricao": "Mouse",
            "quantidade": 382,
            "_id": "BeeJh5lz3k6kSIzA"
        },
        {
            "nome": "Samsung 60 polegadas",
            "preco": 5240,
            "descricao": "TV",
            "quantidade": 49977,
            "_id": "K6leHdftCeOJj8BJ"
        },
        {
            "nome": "AllStar Classico",
            "preco": 150,
            "descricao": "Tenis",
            "quantidade": 1,
            "_id": "WY5U4SbeZ3QXH2J5"
        }
    ]
}