{
    "quantidade": 4,
    "usuarios": [
        {
            "nome": "Fulano da Silva",
            "email": "fulano@qa.com",
            "password": "teste",
            "administrador": "true",
            "_id": "0uxuPY0cbmQhpEz1"
        },
        {
            "nome": "Usuario TesteAlteradoNOVO",
            "email": "useralterado@qa.com.br",
            "password": "teste",
            "administrador": "true",
            "_id": "20s0XF3nnQmx3kRG"
        },
        {
            "nome": "Usuario TesteCriado",
            "email": "usercriado@qa.com.br",
            "password": "teste",
            "administrador": "true",
            "_id": "lafKcIEwGTglxhiK"
        },
        {
            "nome": "Usuario TesteAlteradoTRUE",
            "email": "useralteradoTRUE@qa.com.br",
            "password": "teste",
            "administrador": "true",
            "_id": "zeGi9A0dmkZsnPv4"
        }
    ]
}